,Date,Close,Volume,Open,High,Low
0,1/19/2024,2029.3,166078,2027.4,2041.9,2022.2
1,1/18/2024,2021.6,167013,2009.1,2025.6,2007.7
2,1/17/2024,2006.5,245194,2031.7,2036.1,2004.6
3,1/16/2024,2030.2,277995,2053.4,2062.8,2027.6
4,1/12/2024,2051.6,250946,2033.2,2067.3,2033.1
5,1/11/2024,2019.2,270624,2029.4,2056.1,2017.3
6,1/10/2024,2027.8,183625,2036,2046.2,2025.9
7,1/9/2024,2033,194610,2034.5,2048.6,2031.9
8,1/8/2024,2033.5,199325,2052.6,2053.3,2022.7
9,1/5/2024,2049.8,208861,2051.4,2071.1,2030.8
10,1/4/2024,2050,125573,2049.3,2058.1,2043.3
11,1/3/2024,2042.8,214132,2067.9,2074.3,2038.3
12,1/2/2024,2073.4,149926,2072.7,2088.1,2064.3
13,12/29/2023,2071.8,102741,2076.1,2084.1,2067.6
14,12/28/2023,2083.5,126411,2089.5,2098.2,2074.6
15,12/27/2023,2093.1,124021,2079.3,2095.8,2072.8
16,12/26/2023,2069.8,76492,2066,2080.5,2065.1
17,12/22/2023,2069.1,162292,2061.2,2083,2058.2
18,12/21/2023,2051.3,115184,2044.4,2058,2043.3
19,12/20/2023,2047.7,119394,2053.8,2056.9,2040.6
20,12/19/2023,2052.1,130031,2041.1,2061,2034.8
21,12/18/2023,2040.5,137436,2033.3,2048,2029.5
22,12/15/2023,2035.7,166565,2051.3,2059.6,2029.2
23,12/14/2023,2044.9,222776,2043.2,2062.9,2039.1
24,12/13/2023,1997.3,183780,1995.1,2043.3,1987.9
25,12/12/2023,1993.2,140257,1997.8,2012.5,1992.3
26,12/11/2023,1993.7,151409,2020,2023.7,1991.2
27,12/8/2023,2014.5,227831,2045.7,2050.4,2010.6
28,12/7/2023,2046.4,165566,2043.4,2057.2,2036.6
29,12/6/2023,2047.9,150192,2037.8,2053.4,2035.3
30,12/5/2023,2036.3,202003,2049,2059.6,2027.6
31,12/4/2023,2042.2,368688,2094.4,2092.8,2038.4
32,12/1/2023,2089.7,230877,2056.5,2095.7,2052.6
33,11/30/2023,2057.2,143605,2065.4,2067.4,2051.2
34,11/29/2023,2067.1,189494,2062,2072.7,2055.9
35,11/28/2023,2040,172968,2014.3,2044.1,2011.5
36,11/27/2023,2012.4,247411,2002.5,2018.9,2001.4
37,11/24/2023,2003,211252,1991.2,2004.5,1990.9
38,11/22/2023,1992.8,194093,2000.3,2008.3,1988.6
39,11/21/2023,2001.6,223873,1980,2009.8,1979.9
40,11/20/2023,1980.3,172046,1980.9,1987.8,1967.2
41,11/17/2023,1984.7,129520,1984.2,1983.6,1982.5
42,11/16/2023,1987.3,182935,1963,1984.5,1983.9
43,11/15/2023,1964.3,138956,1966.9,1979.2,1958.8
44,11/14/2023,1966.5,174844,1950.3,1975.3,1938.8
45,11/13/2023,1950.2,164985,1943.4,1953.5,1935.6
46,11/10/2023,1937.7,210158,1964.1,1965.6,1936.9
47,11/9/2023,1969.8,185574,1955.5,1971.5,1948.3
48,11/8/2023,1957.8,170367,1975.3,1977.5,1953.2
49,11/7/2023,1973.5,200482,1984.8,1985.2,1962.8
50,11/6/2023,1988.6,142515,1999.4,1991.5,1984.2
51,11/3/2023,1999.2,211154,1993.5,2011.9,1989.3
52,11/2/2023,1993.5,150476,1992,1999.2,1986.3
53,11/1/2023,1987.5,190094,1993.3,2005.9,1978.2
54,10/31/2023,1994.3,205951,2005.6,2017.7,1987.4
55,10/30/2023,2005.6,177834,2013.5,2012.4,1999.7
56,10/27/2023,1998.5,206932,1995,2019.7,1986.4
57,10/26/2023,1997.4,208597,1991.2,2003.7,1981.6
58,10/25/2023,1994.9,235699,1982.7,1998.6,1973.6
59,10/24/2023,1986.1,191586,1984.1,1989,1970
60,10/23/2023,1987.8,204959,1987.7,1990.9,1982.6
61,10/20/2023,1994.4,279162,1988,2009.2,1983.7
62,10/19/2023,1980.5,253690,1960.1,1990.2,1957
63,10/18/2023,1968.3,261064,1936.7,1975.8,1935.9
64,10/17/2023,1935.7,159430,1933.3,1944.5,1924.6
65,10/16/2023,1934.3,174742,1941.3,1943,1921.2
66,10/13/2023,1941.5,298561,1881.7,1946.2,1881.5
67,10/12/2023,1883,158089,1888.1,1898.3,1880.6
68,10/11/2023,1887.3,162914,1873.7,1890.9,1871.7
69,10/10/2023,1875.3,152865,1875.4,1879.1,1866.1
70,10/9/2023,1864.3,183451,1861,1877.3,1857.5
71,10/6/2023,1845.2,224544,1834.3,1849,1823.5
72,10/5/2023,1831.8,163680,1837.6,1843.5,1826.2
73,10/4/2023,1834.8,187267,1838.7,1846.8,1831.6
74,10/3/2023,1841.5,208110,1844.9,1849.3,1830.9
75,10/2/2023,1847.2,191599,1864.4,1864.7,1842.7
76,9/29/2023,1866.1,234756,1882.3,1896.7,1862.3
77,9/28/2023,1878.6,217353,1893.3,1896.8,1874.5
78,9/27/2023,1890.9,221139,1918.8,1921.7,1890.3
79,9/26/2023,1919.8,202105,1935.1,1935.5,1917.2
80,9/25/2023,1936.6,155517,1944.7,1946.8,1933.8
81,9/22/2023,1945.6,135193,1939.6,1949.1,1939.6
82,9/21/2023,1939.6,218211,1952,1952.2,1933.1
83,9/20/2023,1967.1,212731,1953,1968.9,1948.6
84,9/19/2023,1953.7,126871,1955.3,1958.9,1950.9
85,9/18/2023,1953.4,134529,1945.7,1955.7,1943.8
86,9/15/2023,1946.2,195342,1932.5,1952.4,1931.2
87,9/14/2023,1932.8,196220,1930.7,1934.5,1921.7
88,9/13/2023,1932.5,156209,1935.2,1938.4,1927.2
89,9/12/2023,1935.1,155034,1945.6,1947.5,1929.9
90,9/11/2023,1947.2,128750,1943.3,1947.6,1944.6
91,9/8/2023,1942.7,136235,1943.8,1954,1940.8
92,9/7/2023,1942.5,114097,1942.2,1947.9,1940.3
93,9/6/2023,1944.2,145271,1951.5,1954.5,1940
94,9/5/2023,1952.6,187935,1966.7,1972.6,1950.6
95,9/1/2023,1967.1,158269,1966.4,1980.2,1960.7
96,8/31/2023,1965.9,125945,1970.2,1974.9,1965.5
97,8/30/2023,1973,138398,1966,1977.1,1962.8
98,8/29/2023,1965.1,169333,1948.1,1966.5,1941.7
99,8/28/2023,1946.8,113565,1944,1954.2,1940.1
100,8/25/2023,1939.9,163733,1944.9,1950.4,1931
101,8/24/2023,1947.1,133727,1944.9,1951.3,1939.2
102,8/23/2023,1948.1,162315,1926.8,1949.7,1926.2
103,8/22/2023,1926,126226,1924,1933.2,1917.5
104,8/21/2023,1923,135415,1918.4,1927.9,1913.6
105,8/18/2023,1916.5,110337,1919.2,1926,1915.9
106,8/17/2023,1915.2,146770,1922.4,1933.5,1914.2
107,8/16/2023,1928.3,124766,1933.1,1938.2,1922
108,8/15/2023,1935.2,161512,1939.4,1944.3,1927.5
109,8/14/2023,1944,117514,1945.6,1948.2,1934.2
110,8/11/2023,1946.6,119090,1944.9,1953.6,1942.7
111,8/10/2023,1948.9,163805,1947.7,1963.5,1944.4
112,8/9/2023,1950.6,130739,1959.3,1966.1,1947.2
113,8/8/2023,1959.9,138581,1971.5,1972.8,1956.5
114,8/7/2023,1970,101170,1977.6,1981.7,1966.1
115,8/4/2023,1939.6,290,1934.9,1945,1920
116,8/3/2023,1932,773,1934.2,1936.5,1928
117,8/2/2023,1937.4,652,1948.4,1953.6,1933.2
118,8/1/2023,1940.7,688,1964.9,1965.4,1940.8
119,7/31/2023,1970.5,1025,1959.2,1971.6,1950
120,7/28/2023,1960.4,22705,1945.5,1962.2,1944.2
121,7/27/2023,1945.7,192370,1973.3,1982.6,1941.7
122,7/26/2023,1970.1,204484,1966.3,1979.9,1963.2
123,7/25/2023,1963.7,182563,1957,1967.1,1951.6
124,7/24/2023,1962.2,193572,1963.6,1969.8,1955.3
125,7/21/2023,1966.6,152540,1972.1,1975.9,1958.8
126,7/20/2023,1970.9,186560,1980,1989.8,1967.7
127,7/19/2023,1980.4,155975,1982.5,1984.6,1973.3
128,7/18/2023,1980.8,256970,1958.3,1988.3,1958.1
129,7/17/2023,1956.4,161963,1958.6,1963.6,1949
130,7/14/2023,1964.4,191150,1965.2,1967.8,1954.7
131,7/13/2023,1963.8,219133,1962.7,1968.5,1956.6
132,7/12/2023,1961.7,250982,1938,1965.1,1937.5
133,7/11/2023,1937.1,174842,1930.8,1944.5,1929.8
134,7/10/2023,1931,195109,1930.7,1933.7,1918
135,7/7/2023,1932.5,208113,1916.6,1941.1,1915.4
136,7/6/2023,1915.4,226527,1922.4,1934,1908.5
137,7/5/2023,1927.1,242943,1929.1,1942.9,1922.1
138,7/3/2023,1929.5,150176,1927.8,1939.9,1917.7
139,6/30/2023,1929.4,174877,1916.4,1930.8,1908.1
140,6/29/2023,1917.9,200268,1916.5,1921.3,1900.6
141,6/28/2023,1922.2,155119,1923.1,1926.1,1911.4
142,6/27/2023,1923.8,177006,1932.7,1940.3,1919.8
143,6/26/2023,1933.8,145419,1936.3,1943.4,1931.1
144,6/23/2023,1929.6,181273,1923.5,1949,1919.5
145,6/22/2023,1923.7,165183,1943.3,1945.1,1922
146,6/21/2023,1944.9,176555,1948,1950.4,1929.3
147,6/20/2023,1947.7,244367,1970.7,1971.8,1940.8
148,6/16/2023,1971.2,157636,1970.3,1980.4,1965.4
149,6/15/2023,1970.7,258559,1955.7,1972.8,1936.1
150,6/14/2023,1968.9,195705,1957.2,1973.9,1952.5
151,6/13/2023,1958.6,194386,1971.4,1985.9,1953
152,6/12/2023,1969.7,119121,1975.6,1981.4,1963.1
153,6/9/2023,1977.2,127618,1980.5,1987.8,1971
154,6/8/2023,1978.6,186811,1956.2,1985.7,1955.2
155,6/7/2023,1958.4,186154,1980,1986.5,1955.4
156,6/6/2023,1965.5,164,1960.8,1965,1958.8
157,6/5/2023,1958,713,1947.5,1961.9,1937.8
158,6/2/2023,1952.4,356,1977.1,1982.5,1947.4
159,6/1/2023,1978,750,1963.2,1983,1954.3
160,5/31/2023,1963.9,5710,1958.2,1973,1953
161,5/30/2023,1958,37838,1942.7,1962.6,1931
162,5/26/2023,1944.3,163026,1941.7,1957.1,1936
163,5/25/2023,1943.7,247078,1959.5,1965.4,1939
164,5/24/2023,1964.6,225889,1977.3,1987.9,1958.4
165,5/23/2023,1974.5,207433,1973.9,1980,1955.8
166,5/22/2023,1977.2,161997,1979.4,1981.1,1973.4
167,5/19/2023,1981.6,228720,1960.5,1987.4,1956.3
168,5/18/2023,1959.8,221594,1985.6,1988.8,1954.4
169,5/17/2023,1984.9,200251,1993,1997,1978.1
170,5/16/2023,1993,224203,2021.3,2022.7,1989.1
171,5/15/2023,2022.7,159252,2013.4,2027.5,2011.2
172,5/12/2023,2019.8,214111,2020.5,2027.8,2005.7
173,5/11/2023,2020.5,275846,2036.8,2047.6,2016.7
174,5/10/2023,2037.1,242839,2041.6,2056,2028.3
175,5/9/2023,2042.9,181949,2028.4,2045.1,2026.4
176,5/8/2023,2033.2,164088,2024.6,2037.1,2022
177,5/5/2023,2024.8,261252,2058,2061.3,2007
178,5/4/2023,2055.7,304106,2054.7,2085.4,2038.5
179,5/3/2023,2037,223500,2026.4,2050,2016
180,5/2/2023,2023.3,238278,1990.5,2028.8,1986.9
181,5/1/2023,1992.2,169545,2000.2,2015.4,1985.7
182,4/28/2023,1999.1,166935,1997.2,2004.1,1984.4
183,4/27/2023,1999,198056,1999.8,2013.3,1982
184,4/26/2023,1996,231110,2007.7,2020.2,1993.7
185,4/25/2023,2004.5,214107,1999.4,2014.5,1986.2
186,4/24/2023,1999.8,136854,1992,2001.5,1984.4
187,4/21/2023,1990.5,205700,2016.1,2016.8,1982.3
188,4/20/2023,2019.1,158915,2007.7,2024.2,2002.2
189,4/19/2023,2007.3,214273,2017.9,2020.3,1980.9
190,4/18/2023,2019.7,160716,2007.9,2024.6,2003.3
191,4/17/2023,2007,178631,2014.1,2028,1993.4
192,4/14/2023,2015.8,259581,2054.7,2061.6,2006
193,4/13/2023,2055.3,190641,2029.5,2063.4,2028.3
194,4/12/2023,2024.9,220798,2019.1,2043.9,2015.7
195,4/11/2023,2019,122902,2007,2022.5,2003.7
196,4/10/2023,2003.8,133204,2008.6,2021.5,1996.5
197,4/6/2023,2026.4,145401,2037.1,2037.7,2016.5
198,4/5/2023,2020.9,525,2022.1,2033.8,2013.6
199,4/4/2023,2022.2,811,1984.6,2027.1,1979
200,4/3/2023,1983.9,737,1968.1,1991.7,1950
201,3/31/2023,1969,957,1981.3,1986.8,1968
202,3/30/2023,1980.3,9979,1965.9,1984.4,1954.9
203,3/29/2023,1966.9,87911,1975.4,1976,1959.5
204,3/28/2023,1973.5,181641,1957.8,1977.1,1949.9
205,3/27/2023,1953.8,202321,1982.6,1984,1945
206,3/24/2023,1983.8,276299,1996.1,2006.5,1977.7
207,3/23/2023,1995.9,257040,1974,2006.1,1967.3
208,3/22/2023,1949.6,240155,1943.5,1982.3,1936.5
209,3/21/2023,1941.1,242914,1983.1,1988.7,1938.6
210,3/20/2023,1999.7,66038,2008.6,2031.7,1987
211,3/17/2023,1990.2,63433,1942.7,2010.4,1939.1
212,3/16/2023,1923,242983,1922.8,1938,1911.5
213,3/15/2023,1931.3,376775,1908.2,1942.5,1889.5
214,3/14/2023,1910.9,254442,1919.4,1919.4,1899.8
215,3/13/2023,1916.5,426262,1877.1,1919.5,1875.7
216,3/10/2023,1867.2,319696,1835.1,1874.3,1830
217,3/9/2023,1834.6,207702,1818,1839.4,1815.4
218,3/8/2023,1818.6,186948,1818,1828.7,1813.4
219,3/7/2023,1820,225479,1852.6,1856.9,1817.1
220,3/6/2023,1852.4,130994,1861,1864.3,1850.6
221,3/3/2023,1854.6,152535,1842.1,1864.4,1842
222,3/2/2023,1840.5,135493,1843.8,1845.3,1835.9
223,3/1/2023,1845.4,179501,1834,1852.5,1829.6
224,2/28/2023,1836.7,175222,1823.9,1838.6,1810.8
225,2/27/2023,1824.9,127138,1818,1827.3,1812
226,2/24/2023,1817.1,162961,1829.7,1835.1,1815.5
227,2/23/2023,1826.8,174152,1834.7,1841.2,1824.8
228,2/22/2023,1841.5,137955,1843.7,1855,1831.9
229,2/21/2023,1842.5,205256,1850.5,1856.4,1839
230,2/17/2023,1850.2,161154,1845.7,1853.1,1827.7
231,2/16/2023,1851.8,163521,1846.5,1854.9,1836.6
232,2/15/2023,1845.3,165570,1865.1,1870.9,1839.3
233,2/14/2023,1865.4,209831,1864.1,1881.6,1852.5
234,2/13/2023,1863.5,127343,1876.7,1877.2,1860.8
235,2/10/2023,1874.5,150144,1873.5,1883.5,1863.5
236,2/9/2023,1878.5,177874,1888.3,1902.3,1870.2
237,2/8/2023,1890.7,126260,1885.1,1898.9,1881.4
238,2/7/2023,1884.8,172946,1880.3,1897.2,1877.5
239,2/6/2023,1879.5,158761,1878,1894,1873.2
240,2/3/2023,1876.6,296669,1926.3,1932.4,1874.5
241,2/2/2023,1930.8,242931,1967.1,1975.2,1925.6
242,2/1/2023,1942.8,205037,1944,1970.8,1936.1
243,1/31/2023,1945.3,189046,1938.6,1946.9,1915.5
244,1/30/2023,1939.2,134362,1944,1950.1,1936.2
245,1/27/2023,1945.6,142448,1945.8,1952.1,1933
246,1/26/2023,1946.7,127736,1965,1966.5,1935.1
247,1/25/2023,1959.4,81544,1955.2,1966.3,1937.5
248,1/24/2023,1952.2,82356,1948.9,1960.5,1935
249,1/23/2023,1945.4,55696,1948,1953.3,1929.2
250,1/20/2023,1928.2,161073,1933.7,1939,1922
251,1/19/2023,1923.9,204470,1907,1936.9,1902
252,1/18/2023,1907,209782,1911.1,1929.8,1898.6
253,1/17/2023,1909.9,253693,1923.8,1931.8,1906.2
254,1/13/2023,1921.7,226750,1898.8,1925.3,1895.1
255,1/12/2023,1898.8,243497,1879.7,1906.5,1872.4
256,1/11/2023,1878.9,201761,1881.3,1890.9,1870.9
257,1/10/2023,1876.5,150115,1875.7,1885.2,1872
258,1/9/2023,1877.8,183869,1872.8,1886.4,1869.3
259,1/6/2023,1869.7,208187,1835.9,1875.2,1835.2
260,1/5/2023,1840.6,177851,1861.2,1864.3,1829.9
261,1/4/2023,1859,193760,1845.2,1871.3,1842
262,1/3/2023,1846.1,206818,1831.8,1856.6,1831.3
263,12/30/2022,1826.2,103926,1821.8,1832.4,1819.8
264,12/29/2022,1826,103283,1812.3,1827.3,1811.2
265,12/28/2022,1815.8,110705,1822.4,1822.8,1804.2
266,12/27/2022,1823.1,156189,1808.2,1841.9,1808
267,12/23/2022,1804.2,100413,1801,1812.2,1798.9
268,12/22/2022,1795.3,168989,1823.8,1829.3,1792.7
269,12/21/2022,1823.9,103269,1827.9,1833.8,1821.3
270,12/20/2022,1825.4,191823,1796.8,1832.4,1793.7
271,12/19/2022,1797.7,84087,1801.6,1808.6,1793.2
272,12/16/2022,1800.2,126360,1786.9,1804.2,1783.9
273,12/15/2022,1787.8,179653,1818.7,1819.7,1782
274,12/14/2022,1818.7,140490,1822.6,1825.4,1806.2
275,12/13/2022,1825.5,222725,1792.3,1836.9,1791.8
276,12/12/2022,1792.3,105314,1808,1809.3,1789
277,12/9/2022,1810.7,145372,1801.9,1819,1800.1
278,12/8/2022,1801.5,111761,1799.5,1806.9,1793.2
279,12/7/2022,1798,149600,1783.3,1803.2,1780.5
280,12/6/2022,1782.4,123344,1780.8,1793.2,1779.1
281,12/5/2022,1781.3,175905,1810.5,1822.9,1778.1
282,12/2/2022,1809.6,177152,1817,1818.7,1791.8
283,12/1/2022,1815.2,219246,1783.1,1818.4,1782.9
284,11/30/2022,1759.9,183177,1763.4,1784.2,1758.2
285,11/29/2022,1763.7,125501,1754.6,1773.4,1752.9
286,11/28/2022,1755.3,126938,1771.1,1778.5,1753.3
287,11/25/2022,1768.8,62238,1765.2,1776,1760.6
288,11/23/2022,1760.4,72154,1755.6,1769.7,1733.5
289,11/22/2022,1754.8,57764,1755.4,1765.8,1752.4
290,11/21/2022,1754.6,64912,1766.6,1769.7,1748.8
291,11/18/2022,1769,29695,1777.6,1784.5,1764
292,11/17/2022,1763,164553,1777,1777.6,1756.6
293,11/16/2022,1775.8,191870,1782,1788.2,1773.4
294,11/15/2022,1774.7,276828,1774,1791.8,1770.2
295,11/14/2022,1774.2,184022,1769.4,1778.4,1755.8
296,11/11/2022,1774.2,182646,1758.3,1775.6,1750.3
297,11/10/2022,1753.7,284865,1709.7,1760.6,1705.5
298,11/9/2022,1715.8,221627,1715.2,1725.8,1705.1
299,11/8/2022,1716,276996,1678,1720.4,1667.1
300,11/7/2022,1680.5,170491,1678.6,1685.6,1670
301,11/4/2022,1685.7,279525,1631.7,1686.4,1631.1
302,11/3/2022,1637.7,241648,1639.1,1643.2,1618.3
303,11/2/2022,1651,215445,1651.4,1673.1,1637.4
304,11/1/2022,1636.4,193178,1636.1,1660.3,1633.6
305,10/31/2022,1648.3,124445,1647.2,1648.5,1634.5
306,10/28/2022,1648.3,186519,1667.2,1670.9,1640.7
307,10/27/2022,1668.8,180599,1668.8,1674.8,1658.5
308,10/26/2022,1669.2,183453,1657.7,1679.4,1653.8
309,10/25/2022,1658,178706,1654.5,1666.8,1641.2
310,10/24/2022,1654.1,167448,1662.9,1675.5,1648
311,10/21/2022,1656.3,265985,1632.4,1663.1,1621.1
312,10/20/2022,1636.8,159797,1634.6,1650.3,1626.3
313,10/19/2022,1634.2,172551,1657.2,1659.8,1632.2
315,10/17/2022,1664,144374,1649.9,1674.3,1649.1
318,10/12/2022,1677.5,127689,1673.4,1685.1,1668
319,10/11/2022,1686,166065,1675.6,1691.3,1667.5
320,10/10/2022,1675.2,152626,1703.4,1707.4,1672.5
321,10/7/2022,1709.3,153813,1721,1722.8,1698.4
322,10/6/2022,1720.9,134333,1725.5,1734.2,1714.8
323,10/5/2022,1720.8,168000,1734.4,1736.6,1708.8
324,10/4/2022,1730.5,199426,1708.4,1738.7,1704
325,10/3/2022,1702,207858,1670.5,1710.4,1666.5
326,9/30/2022,1672,173144,1669.5,1684.4,1667.5
327,9/29/2022,1668.6,196633,1669,1673.1,1649.3
328,9/28/2022,1670,270952,1636.5,1671.6,1622.2
329,9/27/2022,1636.2,192565,1629.2,1650.1,1628.7
330,9/26/2022,1633.4,213873,1651,1657.2,1627.7
331,9/23/2022,1655.6,236570,1680.1,1685,1646.6
332,9/22/2022,1681.1,232407,1682.8,1693.5,1663.3
333,9/21/2022,1675.7,221902,1673.2,1696.9,1661.3
334,9/20/2022,1671.1,140765,1684.9,1688.8,1668.1
335,9/19/2022,1678.2,138336,1685.4,1688.8,1667.6
336,9/16/2022,1683.5,209506,1673.7,1689.9,1661.9
337,9/15/2022,1677.3,257001,1707.2,1707.8,1668.9
338,9/14/2022,1709.1,159797,1711.6,1717.3,1703.3
339,9/13/2022,1717.4,228966,1736,1742.9,1706.7
340,9/12/2022,1740.6,152588,1728.4,1746.4,1722.3
341,9/9/2022,1728.6,151576,1719.6,1740.5,1719.4
342,9/8/2022,1720.2,182302,1729.5,1739.4,1713.7
343,9/7/2022,1727.8,169690,1712.9,1731.2,1701.7
344,9/6/2022,1712.9,202021,1724.2,1737.4,1710.6
345,9/2/2022,1722.6,171140,1707.8,1729.5,1705.9
346,9/1/2022,1709.3,192532,1723,1723,1699.1
347,8/31/2022,1726.2,169549,1735.5,1738,1720.6
348,8/30/2022,1736.3,126018,1749.8,1752.8,1732.9
349,8/29/2022,1749.7,151838,1748.4,1757.9,1731.4
350,8/26/2022,1749.8,169654,1771.8,1772.3,1746.2
351,8/25/2022,1771.4,114539,1764.4,1778.8,1763
352,8/24/2022,1761.5,111405,1761.3,1769.5,1754.8
353,8/23/2022,1761.2,140603,1750,1767.5,1743.1
354,8/22/2022,1748.4,137883,1760.6,1762.1,1740.2
355,8/19/2022,1762.9,133714,1773.1,1773.3,1759.1
356,8/18/2022,1771.2,119686,1777.1,1786.3,1768.8
357,8/17/2022,1776.7,134521,1790.8,1796.6,1773.9
358,8/16/2022,1789.7,90514,1795.5,1798,1785.4
359,8/15/2022,1798.1,134361,1818.9,1818.9,1787.6
360,8/12/2022,1815.5,114600,1805.2,1819.1,1799.6
361,8/11/2022,1807.2,115221,1807.9,1814.9,1798.6
362,8/10/2022,1813.7,151584,1811.5,1824.6,1803.3
363,8/9/2022,1812.3,117689,1805.5,1817,1799.4
364,8/8/2022,1805.2,101477,1790.3,1806.4,1786.9
365,8/5/2022,1791.2,164173,1807.7,1811.6,1780.2
366,8/4/2022,1806.9,146208,1782.1,1812,1779.4
367,8/3/2022,1776.4,147085,1777.3,1789.4,1770
368,8/2/2022,1789.7,169496,1789.2,1805,1776
369,8/1/2022,1787.7,131463,1782.5,1792.5,1774.3
370,7/29/2022,1781.8,136893,1773.1,1784.6,1768.4
371,7/28/2022,1769.2,186813,1751.4,1774.4,1750.4
372,7/27/2022,1737.5,114058,1733.1,1758.2,1727
373,7/26/2022,1735.7,84467,1735.9,1744.3,1729.6
374,7/25/2022,1737.1,73873,1744,1752.5,1730.9
375,7/22/2022,1745.3,70482,1735.3,1755.9,1729.8
376,7/21/2022,1731.3,56532,1711.5,1737.3,1696.1
377,7/20/2022,1717.7,47329,1727,1730.4,1707.8
378,7/19/2022,1728.1,23419,1725.2,1734.2,1720.7
379,7/18/2022,1710.2,144409,1706.4,1722,1704.4
380,7/15/2022,1703.6,172240,1708.2,1714.2,1696.6
381,7/14/2022,1705.8,242301,1733.6,1734.8,1695
382,7/13/2022,1735.5,269477,1723.6,1744.3,1704.5
383,7/12/2022,1724.8,230448,1731.3,1742.2,1721.6
384,7/11/2022,1731.7,151802,1741.5,1743,1729
385,7/8/2022,1742.3,166939,1738.7,1751.7,1726
386,7/7/2022,1739.7,143028,1737.2,1748.2,1734.7
387,7/6/2022,1736.5,249079,1764.2,1771.5,1730.7
388,7/5/2022,1763.9,293094,1814.4,1815.2,1763
389,7/1/2022,1801.5,238651,1808.1,1813.6,1783.4
390,6/30/2022,1807.3,196788,1819.2,1826.8,1802.5
391,6/29/2022,1817.5,147761,1821.4,1834.9,1810.7
392,6/28/2022,1821.2,103812,1823.6,1830.9,1819.1
393,6/27/2022,1824.8,135496,1839.6,1842.8,1821.8
394,6/24/2022,1830.3,134283,1824.2,1833.7,1817.7
395,6/23/2022,1829.8,159259,1839.7,1829.1,1824
396,6/22/2022,1838.4,142428,1834.9,1850.3,1824.5
397,6/21/2022,1838.8,171831,1840.6,1848.4,1830.7
398,6/17/2022,1840.6,137967,1859.3,1861.5,1836.1
399,6/16/2022,1849.9,173720,1835.8,1860.2,1816.3
400,6/15/2022,1819.6,198265,1809.7,1845.4,1808.4
401,6/14/2022,1813.5,155376,1820.9,1833.3,1806.1
402,6/13/2022,1831.8,243512,1879,1882.5,1819
403,6/10/2022,1875.5,258683,1850.4,1879.6,1826.5
404,6/9/2022,1852.8,123946,1855.1,1857.8,1841.9
405,6/8/2022,1856.5,110022,1855,1862.4,1846.6
406,6/7/2022,1852.1,115125,1843.5,1858.2,1838.5
407,6/6/2022,1843.7,95742,1853.7,1861.2,1843
408,6/3/2022,1850.2,110502,1872.6,1878.6,1849.7
409,6/2/2022,1871.4,123196,1849.9,1874.4,1846.5
410,6/1/2022,1848.7,152568,1840,1853,1830.2
411,5/31/2022,1848.4,191376,1856.5,1867.9,1837.6
412,5/27/2022,1857.3,119997,1855.1,1866.9,1851.9
413,5/26/2022,1853.9,88345,1857.9,1859,1842.5
414,5/25/2022,1852.5,95996,1871.2,1872.7,1845
415,5/24/2022,1871.4,69225,1858.6,1875,1853.9
416,5/23/2022,1853.9,57586,1850.9,1870.4,1849.7
417,5/20/2022,1848.4,40522,1847.4,1854,1837.3
418,5/19/2022,1847.8,36782,1821.3,1854.5,1814.9
419,5/18/2022,1822.4,33301,1820.2,1829.3,1811.7
420,5/17/2022,1818.9,134758,1823.9,1834.8,1811
421,5/16/2022,1814,156521,1809.4,1826,1785
422,5/13/2022,1808.2,172127,1821.4,1827.6,1797.2
423,5/12/2022,1824.6,230455,1852.3,1858.8,1820.1
424,5/11/2022,1853.7,219335,1836.6,1857.8,1830.6
425,5/10/2022,1841,235122,1853.9,1864.7,1834.5
426,5/9/2022,1858.6,194520,1883.7,1885.6,1851
427,5/6/2022,1882.8,165627,1877.5,1894,1865
428,5/5/2022,1875.7,212206,1884.1,1910.7,1872.3
429,5/4/2022,1868.8,155972,1868.3,1892,1861.1
430,5/3/2022,1870.6,161150,1863.6,1878.4,1849.7
431,5/2/2022,1863.6,186052,1896.2,1900.4,1853.4
432,4/29/2022,1911.7,169590,1895.8,1921.3,1893.5
433,4/28/2022,1891.3,166979,1886.8,1897.8,1870.9
434,4/27/2022,1888.7,168759,1907.4,1908.1,1881.6
435,4/26/2022,1904.1,159198,1899.8,1912.2,1896.3
436,4/25/2022,1896,222175,1931.9,1935.5,1891.8
437,4/22/2022,1934.3,172335,1953.1,1957.8,1928
438,4/21/2022,1948.2,149700,1960,1960.1,1938
439,4/20/2022,1955.6,136017,1952.7,1960.9,1941
440,4/19/2022,1959,176033,1981.2,1985.1,1945.5
441,4/18/2022,1986.4,135491,1978.5,2003,1974.4
442,4/14/2022,1974.9,136906,1981.6,1984,1962.7
443,4/13/2022,1984.7,128353,1970.5,1985.8,1966.3
444,4/12/2022,1976.1,167267,1957.4,1982.7,1953
445,4/11/2022,1948.2,179115,1949.6,1974.6,1942.9
446,4/8/2022,1945.6,138521,1934.3,1952.2,1930.4
447,4/7/2022,1937.8,119672,1928.1,1941.7,1923.3
448,4/6/2022,1923.1,149065,1927.6,1937.6,1916.2
449,4/5/2022,1927.5,142736,1937.3,1948.9,1920.9
450,4/4/2022,1934,106062,1927.1,1941.6,1918.2
451,4/1/2022,1923.7,129770,1942.4,1944.5,1921.4
452,3/31/2022,1954,143756,1937.3,1955,1923
453,3/30/2022,1939,133201,1924,1943.4,1920.1
454,3/29/2022,1918,207331,1927.2,1934.4,1893.2
455,3/28/2022,1944.7,106563,1962.5,1965.2,1920.7
456,3/25/2022,1959.8,60137,1963.2,1970.4,1948.2
457,3/24/2022,1967.7,65218,1948.9,1972.5,1942.9
458,3/23/2022,1942.6,48141,1926.3,1953.9,1920.7
459,3/22/2022,1926.7,46165,1941,1944.7,1915.5
460,3/21/2022,1934.8,46403,1927.4,1947.2,1922.2
461,3/18/2022,1933.9,34050,1947.9,1950.9,1922.7
462,3/17/2022,1948.2,32640,1933.4,1955.6,1929
463,3/16/2022,1909.2,188471,1920.1,1930.1,1895.2
464,3/15/2022,1929.7,208752,1953.7,1956.9,1908.1
465,3/14/2022,1960.8,146870,1988.7,1994.8,1952
466,3/11/2022,1985,234258,2000.3,2004,1960.6
467,3/10/2022,2000.4,279944,1992.8,2015.1,1975
468,3/9/2022,1988.2,329822,2060.2,2068.5,1981
469,3/8/2022,2043.3,413624,2001,2078.8,1985.8
470,3/7/2022,1995.9,345526,1978.5,2007.5,1964.2
471,3/4/2022,1966.6,228205,1938.5,1974.9,1931.5
472,3/3/2022,1935.9,170994,1931.7,1944.6,1923.1
473,3/2/2022,1922.3,221028,1945.3,1951.4,1916
474,3/1/2022,1943.8,215091,1908.4,1952.6,1903
475,2/28/2022,1900.7,239416,1921,1935.2,1892.2
476,2/25/2022,1887.6,220963,1906.5,1925,1884.4
477,2/24/2022,1926.3,409954,1911.9,1976.5,1878.6
478,2/23/2022,1910.4,151417,1901.2,1912.9,1891.1
479,2/22/2022,1907.4,323210,1903.5,1918.3,1889.7
480,2/18/2022,1899.8,155484,1901.4,1905,1888
481,2/17/2022,1902,251680,1872,1904,1869.7
482,2/16/2022,1871.5,136348,1855.5,1874.6,1851.8
483,2/15/2022,1856.2,208428,1873.8,1881.6,1845.4
484,2/14/2022,1869.4,220292,1862.2,1876.5,1851.9
485,2/11/2022,1842.1,232425,1827,1867.4,1821.1
486,2/10/2022,1837.4,221886,1834,1843.3,1821.8
487,2/9/2022,1836.6,128735,1827,1837.1,1825.5
488,2/8/2022,1827.9,138151,1821.5,1829.9,1816
489,2/7/2022,1821.8,137112,1808,1824.6,1807.5
490,2/4/2022,1807.8,175521,1805.4,1815.8,1792.1
491,2/3/2022,1804.1,168783,1807.4,1809.5,1788.5
492,2/2/2022,1810.3,120057,1800.8,1812,1794.6
493,2/1/2022,1801.5,125228,1798.9,1809.7,1796.2
494,1/31/2022,1796.4,134623,1792.8,1800.9,1785.8
495,1/28/2022,1786.6,211839,1799.6,1800.3,1780.6
496,1/27/2022,1795,198030,1821.4,1823.8,1792.7
497,1/26/2022,1832,146441,1850.7,1852.6,1816.4
498,1/25/2022,1855,71595,1846,1856.7,1836.8
499,1/24/2022,1844.2,100586,1838.3,1847.2,1831.9
500,1/21/2022,1834.1,66596,1842.6,1845.8,1830.6
501,1/20/2022,1844.9,78202,1842.9,1850.8,1838.4
502,1/19/2022,1845.5,84788,1816.4,1846.1,1811.6
503,1/18/2022,1812.4,347305,1818.7,1822.9,1804.7
504,1/14/2022,1816.5,164913,1822.1,1829.3,1814.2
505,1/13/2022,1821.4,197305,1825.7,1828.3,1811.8
506,1/12/2022,1827.3,173549,1821.3,1828.2,1814.4
507,1/11/2022,1818.5,165152,1801.3,1823.1,1799.7
508,1/10/2022,1798.8,153934,1796.4,1802,1789.3
509,1/7/2022,1797.4,218941,1791,1798.4,1781.3
510,1/6/2022,1789.2,233180,1810.6,1811.6,1785.4
511,1/5/2022,1825.1,167651,1815.2,1830.7,1808.2
512,1/4/2022,1814.6,162124,1801.1,1817.2,1798.1
513,1/3/2022,1800.1,163300,1830.1,1833,1798.2
514,12/31/2021,1828.6,101324,1817,1831.4,1815.4
515,12/30/2021,1814.1,110142,1805.6,1818.1,1796.2
516,12/29/2021,1805.8,135650,1806.6,1808,1789.1
517,12/28/2021,1810.9,97605,1812.1,1821.6,1805.5
518,12/27/2021,1808.8,80323,1810.2,1814.6,1803.6
519,12/23/2021,1811.7,101178,1805.6,1812,1799
520,12/22/2021,1802.2,107201,1789.4,1806.3,1785.8
521,12/21/2021,1788.7,131120,1791.4,1801.7,1785
522,12/20/2021,1794.6,104146,1800.2,1804.6,1789
523,12/17/2021,1804.9,152640,1801.5,1815.7,1796.5
524,12/16/2021,1798.2,164102,1777.9,1800.7,1775.7
525,12/15/2021,1764.5,158071,1771.9,1781.3,1753
526,12/14/2021,1772.3,148182,1787.6,1789.8,1766.1
527,12/13/2021,1788.3,103999,1784.2,1792.8,1782.2
528,12/10/2021,1784.8,140032,1776.3,1791,1770.4
529,12/9/2021,1776.7,121045,1784.3,1788.4,1773.3
530,12/8/2021,1785.5,106555,1785.1,1794.3,1780.1
531,12/7/2021,1784.7,124583,1779.5,1789.3,1772.4
532,12/6/2021,1779.5,99840,1787.7,1789,1776.4
533,12/3/2021,1783.9,170092,1769.4,1788,1766
534,12/2/2021,1762.7,164492,1783.8,1785.2,1762.2
535,12/1/2021,1784.3,172176,1777.4,1795.7,1773.7
536,11/30/2021,1776.5,234588,1786.9,1811.4,1771.2
537,11/29/2021,1785.2,145347,1795.2,1801.5,1782
538,11/26/2021,1788.1,173605,1792.3,1819.3,1781.6
539,11/24/2021,1786.9,101304,1792.3,1798.8,1780.2
540,11/23/2021,1786.3,146754,1808.7,1815.2,1784.3
541,11/22/2021,1809.1,136164,1850.7,1853,1805.3
542,11/19/2021,1854.3,61307,1863.8,1870.5,1847
543,11/18/2021,1864,48241,1871.7,1875.9,1859.4
544,11/17/2021,1872.8,30319,1854.5,1873.1,1853.8
545,11/16/2021,1854.1,212495,1864.9,1879.5,1851
546,11/15/2021,1866.6,208217,1872.6,1873,1858.5
547,11/12/2021,1868.5,192007,1864.3,1871.4,1847.5
548,11/11/2021,1863.9,178701,1851.5,1868.7,1845.1
549,11/10/2021,1848.3,323266,1834.5,1870.6,1823
550,11/9/2021,1830.8,202363,1826.9,1834.8,1821
551,11/8/2021,1828,180098,1820.6,1828.3,1813.8
552,11/5/2021,1816.8,276580,1792.6,1820.1,1785.3
553,11/4/2021,1793.5,213034,1769.9,1800.3,1769.3
554,11/3/2021,1763.9,248047,1789.2,1789.3,1758.5
555,11/2/2021,1789.4,141590,1794.8,1797.8,1787.4
556,11/1/2021,1795.8,140366,1785.3,1797.5,1780.2
557,10/29/2021,1783.9,248553,1801.5,1802.9,1772.4
558,11/23/2021,1786.3,146754,1808.7,1815.2,1784.3
559,11/22/2021,1809.1,136164,1850.7,1853,1805.3
560,11/19/2021,1854.3,61307,1863.8,1870.5,1847
561,11/18/2021,1864,48241,1871.7,1875.9,1859.4
562,11/17/2021,1872.8,30319,1854.5,1873.1,1853.8
563,11/16/2021,1854.1,212495,1864.9,1879.5,1851
564,11/15/2021,1866.6,208217,1872.6,1873,1858.5
565,11/12/2021,1868.5,192007,1864.3,1871.4,1847.5
566,11/11/2021,1863.9,178701,1851.5,1868.7,1845.1
567,11/10/2021,1848.3,323266,1834.5,1870.6,1823
568,11/9/2021,1830.8,202363,1826.9,1834.8,1821
569,11/8/2021,1828,180098,1820.6,1828.3,1813.8
570,11/5/2021,1816.8,276580,1792.6,1820.1,1785.3
571,11/4/2021,1793.5,213034,1769.9,1800.3,1769.3
572,11/3/2021,1763.9,248047,1789.2,1789.3,1758.5
573,11/2/2021,1789.4,141590,1794.8,1797.8,1787.4
574,11/1/2021,1795.8,140366,1785.3,1797.5,1780.2
575,10/29/2021,1783.9,248553,1801.5,1802.9,1772.4
576,10/4/2021,1767.6,163944,1762.6,1771.5,1747.7
577,10/1/2021,1758.4,148890,1757.2,1765.2,1749.9
578,9/30/2021,1757,237967,1726,1765,1721.8
579,9/29/2021,1722.9,175420,1734,1746,1721.1
580,9/28/2021,1737.5,211821,1750,1754.3,1727.8
581,9/27/2021,1752,135811,1751.8,1760.9,1744.7
582,9/24/2021,1751.7,147736,1743.7,1758,1740.2
583,9/23/2021,1749.8,220098,1769.2,1777.1,1737.5
584,9/22/2021,1778.8,169937,1775,1788.4,1764.6
585,9/21/2021,1778.2,139900,1765.5,1782.8,1758.3
586,9/20/2021,1763.8,150573,1754.2,1768.4,1742.3
587,9/17/2021,1751.4,180673,1754.6,1767.8,1747.1
588,9/16/2021,1756.7,243613,1795.5,1797.3,1745.5
589,9/15/2021,1794.8,137513,1806.6,1808.5,1791.7
590,9/14/2021,1807.1,193835,1794.8,1810.6,1780.6
591,9/13/2021,1794.4,110870,1789.8,1800.2,1784.4
592,9/10/2021,1792.1,134148,1796.2,1806,1788.2
593,9/9/2021,1800,152037,1790.9,1803.4,1785.1
594,9/8/2021,1793.5,158104,1796.1,1804.4,1783.1
595,9/7/2021,1798.5,248598,1833.5,1833.5,1793.7
596,9/3/2021,1833.7,181932,1811.5,1836.9,1810.9
597,9/2/2021,1811.5,111099,1816.2,1819.6,1806.5
598,9/1/2021,1816,138802,1816.7,1822.7,1810.6
599,8/31/2021,1818.1,162209,1812.2,1821.9,1803.4
600,8/30/2021,1812.2,102579,1821.6,1826.5,1810
601,8/27/2021,1819.5,198760,1795.2,1821.9,1785.2
602,8/26/2021,1795.2,131078,1793,1800.4,1781.3
603,8/25/2021,1791,160525,1805.1,1805.3,1784
604,8/24/2021,1808.5,112953,1807.6,1812.2,1802.6
605,8/23/2021,1806.3,150238,1781.2,1809.1,1778
606,8/20/2021,1784,106495,1782.8,1791,1780
607,8/19/2021,1783.1,147534,1789.5,1795,1774.6
608,8/18/2021,1784.4,131190,1787.8,1795.7,1778.8
609,8/17/2021,1787.8,142476,1789.1,1797.6,1782.1
610,8/16/2021,1789.8,133821,1780.9,1791.3,1772
611,8/13/2021,1778.2,140689,1754.4,1781.9,1753
612,8/12/2021,1751.8,133990,1752.9,1759.6,1742.6
613,8/11/2021,1753.3,181306,1730.4,1756.7,1724.6
614,8/10/2021,1731.7,178253,1732,1739.4,1718.5
615,8/9/2021,1726.5,282388,1765,1765.7,1677.9
616,8/6/2021,1763.1,305778,1806.7,1807,1759.5
617,8/5/2021,1808.9,166287,1814.9,1817.9,1799.7
618,8/4/2021,1814.5,237140,1813.7,1835.9,1808.3
619,8/3/2021,1814.1,101460,1816.8,1818.2,1809.5
620,8/2/2021,1822.2,157414,1817,1823.2,1808.2
621,7/30/2021,1817.2,152236,1832.5,1835.5,1813.1
622,7/29/2021,1835.8,204918,1811.5,1837.5,1810.9
623,7/28/2021,1804.6,195298,1802.4,1813.9,1795.6
624,7/27/2021,1804,76707,1801.5,1809.5,1796.9
625,7/26/2021,1803.4,81390,1806.4,1816.1,1800.2
626,7/23/2021,1805.9,88214,1811.5,1814.5,1793.1
627,7/22/2021,1809.2,53343,1807.8,1812.3,1796
628,7/21/2021,1807.4,64012,1814.7,1818.1,1798.3
629,7/20/2021,1811.4,216747,1813.5,1825.9,1805.2
630,7/19/2021,1809.2,247651,1811.6,1818,1795
631,7/16/2021,1815,181535,1830.7,1832.7,1809.5
632,7/15/2021,1829,168788,1828.7,1835,1820.6
633,7/14/2021,1825,204998,1808.3,1831.1,1804.9
634,7/13/2021,1809.9,227638,1806.7,1818,1798.7
635,7/12/2021,1805.9,188154,1808.5,1811,1791
636,7/9/2021,1810.6,172928,1803.2,1813,1796.6
637,7/8/2021,1800.2,234021,1803.8,1819.5,1793.5
638,7/7/2021,1802.1,168050,1797,1810.2,1794.1
639,7/6/2021,1794.2,273015,1787.5,1815.7,1784.7
640,7/2/2021,1783.3,202365,1777.5,1795.9,1774.4
641,7/1/2021,1776.8,167260,1770.8,1783.4,1765.9
642,6/30/2021,1771.6,169111,1761.9,1774.7,1753.2
643,6/29/2021,1763.6,232701,1778.8,1779.2,1750.1
644,6/28/2021,1780.7,158467,1782,1786.1,1770.4
645,6/25/2021,1777.8,158121,1775.7,1791,1773.6
646,6/24/2021,1776.7,148872,1778.2,1788.6,1772.7
647,6/23/2021,1783.4,175084,1779.1,1795.6,1773.1
648,6/22/2021,1777.4,167293,1783.2,1790.1,1771.2
649,6/21/2021,1782.9,187249,1764.3,1786.9,1764.1
650,6/18/2021,1769,254641,1773.9,1797.9,1761.2
651,6/17/2021,1774.8,372368,1812.3,1826.4,1767.9
652,6/16/2021,1861.4,228605,1861,1866,1804.4
653,6/15/2021,1856.4,152410,1867.8,1870.9,1853
654,6/14/2021,1865.9,235708,1879.6,1879.7,1845.7
655,6/11/2021,1879.6,213681,1901.9,1906.2,1876.1
656,6/10/2021,1896.4,244698,1891.4,1903,1871.8
657,6/9/2021,1895.5,143891,1894.4,1901.7,1889.3
658,6/8/2021,1894.4,170166,1901.6,1906.9,1885.7
659,6/7/2021,1898.8,142315,1894.3,1902.9,1883.7
660,6/4/2021,1892,224522,1872.7,1894.6,1891.6
661,6/3/2021,1873.3,269228,1910.5,1876,1872.2
662,6/2/2021,1909.9,160414,1903,1911.8,1896.4
663,6/1/2021,1905,283146,1901.8,1903,1901.6
664,5/28/2021,1905.3,194069,1899.8,1908.8,1884.3
665,5/27/2021,1898.5,203605,1899.3,1901.6,1898.9
666,5/26/2021,1903.8,172696,1902.4,1915.6,1893
667,5/25/2021,1900.5,174389,1883.4,1903.7,1900
668,5/24/2021,1886.7,51824,1885.6,1890,1877.9
669,5/21/2021,1878.9,51799,1880.4,1892.3,1872.5
670,5/20/2021,1883.9,43110,1872.2,1887.2,1866.2
671,5/19/2021,1881.5,387547,1870.2,1874,1862
672,5/18/2021,1868,219676,1867.3,1870.6,1868.8
673,5/17/2021,1867.6,260925,1845.9,1867.9,1866.2
674,5/14/2021,1838.1,222090,1826.4,1847.1,1819
675,5/13/2021,1824,238443,1816.2,1829.1,1808.4
676,5/12/2021,1822.8,323911,1838.2,1844.7,1813
677,5/11/2021,1836.1,294462,1836.2,1839.2,1837.3
678,5/10/2021,1837.6,254657,1835.4,1846.3,1830.5
679,5/7/2021,1831.3,332450,1815.4,1833.4,1830.6
680,5/6/2021,1815.7,277680,1787,1816.5,1813
681,5/5/2021,1784.3,176172,1778.4,1788.1,1785.4
682,5/4/2021,1776,225083,1793.2,1799.5,1769.2
683,5/3/2021,1791.8,198798,1768.1,1794.1,1790.8
684,4/30/2021,1767.7,160763,1772.4,1770,1764.9
685,4/29/2021,1768.3,222795,1781.9,1774.5,1771.3
686,4/28/2021,1773.9,190626,1776.4,1782.7,1761.8
687,4/27/2021,1778.8,140469,1781.1,1785.9,1773.9
688,4/26/2021,1780.1,136847,1776.1,1782.4,1780.3
689,4/23/2021,1777.8,171772,1784,1796.3,1769.5
690,4/22/2021,1782,160685,1794.5,1784.8,1778.7
691,4/21/2021,1793.1,171089,1779.1,1795.9,1790.5
692,4/20/2021,1778.4,165014,1770.5,1780.8,1763.5
693,4/19/2021,1770.6,178114,1778.8,1790.4,1766.6
694,4/16/2021,1780.2,167944,1764.8,1784.7,1760.3
695,4/15/2021,1766.8,193552,1736.6,1766.2,1763.6
696,4/14/2021,1736.3,141968,1746.4,1737.4,1736.1
697,4/13/2021,1747.6,170934,1732.2,1748.1,1744.6
698,4/12/2021,1732.7,122724,1744.5,1733.7,1727
699,4/9/2021,1744.8,165011,1756.5,1758.2,1730.8
700,4/8/2021,1758.2,140648,1738.6,1759.4,1733.6
701,4/7/2021,1741.6,118174,1744.4,1744.1,1736
702,4/6/2021,1743,148878,1729.2,1745.5,1742.2
703,4/5/2021,1728.8,100575,1730,1734.4,1721.6
704,4/1/2021,1728.4,166688,1709,1732,1706.4
705,3/31/2021,1715.6,205346,1685.9,1716.3,1677.3
706,3/30/2021,1686,218812,1713,1714.8,1678.3
707,3/29/2021,1714.6,171876,1732.4,1734.8,1705.6
708,3/26/2021,1734.7,98882,1727.5,1737.9,1721.2
709,3/25/2021,1727.3,73549,1736,1732.2,1722.5
710,3/24/2021,1735.5,68820,1728.2,1739.9,1724.8
711,3/23/2021,1727.5,62567,1741.2,1729.3,1727.7
712,3/22/2021,1740.4,36260,1747.5,1749.2,1728.6
713,3/19/2021,1743.9,36859,1736.3,1748.2,1729.3
714,3/18/2021,1734.6,18942,1745.9,1756,1719.1
715,3/17/2021,1727.1,214084,1730,1750.6,1722
716,3/16/2021,1730.9,170463,1730.7,1740.5,1724.4
717,3/15/2021,1729.2,158839,1726.5,1733.2,1719.2
718,3/12/2021,1719.8,222995,1720.5,1728,1696.6
719,3/11/2021,1722.6,197168,1725,1738,1716.8
720,3/10/2021,1721.8,213679,1714.5,1725.3,1705.6
721,3/9/2021,1716.9,233565,1679.3,1718.7,1676.7
722,3/8/2021,1678,258100,1701.6,1712,1673.3
723,3/5/2021,1698.5,254927,1695.3,1705.7,1683
724,3/4/2021,1700.7,271077,1708.4,1721.6,1687.6
725,3/3/2021,1715.8,251741,1736.5,1739.1,1699.4
726,3/2/2021,1733.6,230514,1722.8,1737.8,1704.6
727,3/1/2021,1723,238037,1732.8,1757.4,1717.2
728,2/26/2021,1728.8,351549,1770.9,1734.4,1725.5
729,2/25/2021,1775.4,309165,1804.9,1781.7,1763.9
730,2/24/2021,1797.9,220240,1805,1813,1782.2
731,2/23/2021,1805.9,187078,1809.3,1815.2,1794.5
732,2/22/2021,1808.4,216129,1782,1812.4,1778.6
733,2/19/2021,1777.4,247288,1774.6,1790.9,1759
734,2/18/2021,1775,220586,1776,1775.8,1772.8
735,2/17/2021,1772.8,250909,1793.1,1779.9,1770.6
736,2/16/2021,1799,348000,1795,1796.1,1793
737,2/12/2021,1823.2,169671,1825.4,1825.1,1819.1
738,2/11/2021,1826.8,143597,1844.3,1848.6,1821.7
739,2/10/2021,1842.7,173508,1838.3,1856.6,1834
740,2/9/2021,1837.5,151353,1832.4,1849.5,1830.3
741,2/8/2021,1834.2,171978,1818.1,1840.6,1807.3
742,2/5/2021,1813,202612,1794.3,1816,1792.2
743,2/4/2021,1791.2,269731,1834.5,1835.7,1784.6
744,2/3/2021,1835.1,134552,1838.5,1845.9,1830.1
745,2/2/2021,1833.4,226676,1863.6,1866.3,1830.4
746,2/1/2021,1863.9,237650,1865,1876,1851.7
747,1/29/2021,1850.3,269474,1845.6,1851.7,1843.8
748,1/28/2021,1841.2,270329,1847.2,1846.1,1843.1
749,1/27/2021,1848.9,163249,1854.3,1847.6,1841.5
750,1/26/2021,1854.8,89895,1858.7,1864.5,1851.1
751,1/25/2021,1859,86197,1858.6,1870.9,1850
752,1/22/2021,1859.9,74763,1874,1874.1,1839.7
753,1/21/2021,1869.3,47567,1875.6,1874.5,1870.8
754,1/20/2021,1870.2,51238,1843.2,1875.6,1865.8
755,1/19/2021,1840.2,324829,1828.8,1845,1800.8
756,1/15/2021,1829.9,224725,1847.3,1856.6,1822.1
757,1/14/2021,1851.4,242126,1845.6,1853.6,1843.4
758,1/13/2021,1854.9,203544,1855,1859.3,1841.6
759,1/12/2021,1844.2,225729,1845.4,1856.9,1854.3
760,1/11/2021,1850.8,253190,1849.4,1856,1817.1
761,1/8/2021,1835.4,422485,1915.2,1918.4,1827.8
762,1/7/2021,1913.6,192365,1921.5,1929.6,1907.5
763,1/6/2021,1908.6,356182,1952.8,1962.5,1902.6
764,1/5/2021,1954.4,192111,1946,1957,1938.4
765,1/4/2021,1946.6,261675,1908.2,1948.7,1906.1
766,12/31/2020,1895.1,127578,1899,1904.9,1889.1
767,12/30/2020,1893.4,128688,1881.8,1899,1879.5
768,12/29/2020,1882.9,145905,1878,1891.3,1875.6
769,12/28/2020,1880.4,194545,1887,1904.1,1873
770,12/24/2020,1883.2,87445,1877.3,1887.4,1873.1
771,12/23/2020,1878.1,157856,1865.6,1883.7,1860.9
772,12/22/2020,1870.3,173183,1883,1889.4,1863.7
773,12/21/2020,1882.8,226997,1892.9,1912,1859
774,12/18/2020,1888.9,149960,1891.3,1895.7,1881.9
775,12/17/2020,1890.4,213170,1868.4,1902,1865.9
776,12/16/2020,1859.1,196702,1857.7,1870,1848.2
777,12/15/2020,1855.3,169218,1830.5,1859.3,1828.5
778,12/14/2020,1832.1,166785,1845,1832.7,1828.1
779,12/11/2020,1843.6,150634,1840,1851.8,1826.8
780,12/10/2020,1837.4,162513,1843,1854.2,1831.5
781,12/9/2020,1838.5,216843,1875.4,1875.9,1828.2
782,12/8/2020,1874.9,147902,1866.1,1879.8,1863.9
783,12/7/2020,1866,204259,1841.1,1870.8,1862.1
784,12/4/2020,1840,167301,1844.7,1852.7,1832
785,12/3/2020,1841.1,177988,1833.9,1847.4,1826.7
786,12/2/2020,1830.2,182809,1819.1,1835.7,1828.2
787,12/1/2020,1818.9,197184,1780.3,1821.1,1778.4
788,11/30/2020,1780.9,235285,1790.8,1793.3,1767.2
789,11/27/2020,1788.1,277091,1812.1,1822.6,1776.5
790,11/25/2020,1811.2,121112,1812,1821.7,1804.7
791,11/24/2020,1810.9,125089,1842.6,1813.1,1807.4
792,11/23/2020,1844.1,106315,1875.9,1844.5,1839.6
793,11/20/2020,1872.4,180515,1864.8,1873.9,1868.7
794,11/19/2020,1861.5,217146,1872,1866.7,1862
795,11/18/2020,1873.9,203979,1879.5,1871.5,1868.2
796,11/17/2020,1885.1,155099,1888.2,1892.7,1876.3
797,11/16/2020,1887.8,217991,1886.6,1898,1861.5
798,11/13/2020,1886.2,158776,1875.6,1888.9,1885.3
799,11/12/2020,1873.3,199543,1863.9,1883,1860.7
800,11/11/2020,1861.6,201067,1876.1,1882.5,1853.9
801,11/10/2020,1876.4,243090,1864.1,1877.1,1870.9
802,11/9/2020,1854.4,475721,1956,1869.3,1861.2
803,11/6/2020,1951.7,233903,1950,1961.8,1937.2
804,11/5/2020,1946.8,288663,1903.4,1952.6,1948
805,11/4/2020,1896.2,284598,1910.3,1905.8,1897.8
806,11/3/2020,1910.4,166642,1896.4,1911.8,1906.9
807,11/2/2020,1892.5,161958,1877,1897.1,1873.3
808,10/30/2020,1879.9,207865,1867.9,1885.9,1875
809,10/29/2020,1868,219592,1877.5,1885.1,1859.2
810,10/28/2020,1879.2,289026,1909.8,1882.1,1875.7
811,10/27/2020,1911.9,149056,1904.4,1913.8,1898.7
812,10/26/2020,1905.7,161841,1906,1911.1,1892.5
813,10/23/2020,1905.2,168148,1906.5,1917.3,1895.2
814,10/22/2020,1904.6,208087,1927.4,1929.4,1894.2
815,10/21/2020,1929.5,194754,1911.6,1936,1911.6
816,10/20/2020,1915.4,160356,1906.4,1915.5,1909
817,10/19/2020,1911.7,155479,1903.2,1923.4,1900.2
818,10/16/2020,1906.4,144094,1912.7,1918.7,1901.1
819,10/15/2020,1908.9,205615,1906,1913.2,1892.7
820,10/14/2020,1907.3,185374,1895.4,1917.5,1885
821,10/13/2020,1894.6,260044,1927.3,1930.6,1889.3
822,10/12/2020,1928.9,155906,1935,1939.4,1923.8
823,10/9/2020,1926.2,224808,1898.4,1936.8,1898
824,10/8/2020,1895.1,179968,1890.6,1905.3,1885.3
825,10/7/2020,1890.8,183295,1882.6,1902.4,1877.1
826,10/6/2020,1908.8,172605,1917.8,1927,1902.9
827,10/5/2020,1920.1,176090,1910.9,1924.9,1902.5
828,10/2/2020,1907.6,209696,1911,1923.6,1895.2
829,10/1/2020,1916.3,257047,1891.2,1917.9,1890
830,9/30/2020,1895.5,256446,1903.2,1908.2,1885.8
831,9/29/2020,1903.2,213482,1886.4,1904.8,1880.8
832,9/28/2020,1882.3,232907,1862.7,1888.2,1851.1
833,9/25/2020,1866.3,226076,1872.7,1879.3,1854.1
834,9/24/2020,1876.9,338361,1866.9,1880.9,1851
835,9/23/2020,1868.4,402011,1905.1,1909.9,1856
836,9/22/2020,1907.6,279441,1918.1,1925.5,1898.9
837,9/21/2020,1910.6,380526,1957.3,1962.9,1885.4
838,9/18/2020,1962.1,174242,1951.1,1968.2,1951.1
839,9/17/2020,1949.9,263192,1967.6,1969.3,1938.2
840,9/16/2020,1970.5,287073,1961.4,1983.8,1957.2
841,9/15/2020,1966.2,232698,1966.2,1982.4,1955.6
842,9/14/2020,1963.7,196763,1948.9,1972.5,1945.2
843,9/11/2020,1947.9,202859,1953.8,1959,1945.7
844,9/10/2020,1964.3,268963,1955.3,1954.9,1949.9
845,9/9/2020,1954.9,224190,1939.4,1959.7,1926.3
846,9/8/2020,1943.2,412083,1938,1948.3,1911.7
847,9/4/2020,1934.3,300921,1938,1945.9,1923
848,9/3/2020,1937.8,300282,1948.9,1956.6,1927.2
849,9/2/2020,1944.7,326130,1976.8,1980.4,1938.9
850,9/1/2020,1978.9,300227,1973.7,2001.2,1969.2
851,8/31/2020,1978.6,242577,1973.9,1985.8,1962.3
852,8/28/2020,1974.9,329609,1937.5,1983,1928.2
853,8/27/2020,1932.6,461990,1963,1987,1914.7
854,8/26/2020,1952.5,338049,1939,1963.4,1908.4
855,8/25/2020,1923.1,271641,1935.9,1944.1,1919.1
856,8/24/2020,1939.2,284540,1947.9,1970.3,1930.8
857,8/21/2020,1947,352773,1955.6,1963.1,1916.6
858,8/20/2020,1946.5,378970,1934.4,1963.1,1928.9
859,8/19/2020,1970.3,440405,2010.5,2015.6,1930.5
860,8/18/2020,2013.1,358272,1993.6,2024.6,1985.2
861,8/17/2020,1998.7,285580,1956.4,2000.8,1939.1
862,8/14/2020,1949.8,237092,1963.8,1970,1939.1
863,8/13/2020,1970.4,346000,1927.3,1974.8,1923
864,8/12/2020,1949,450394,1921.6,1961,1874.2
865,8/11/2020,1946.3,556617,2038.4,2040.5,1911.3
866,8/10/2020,2039.7,248644,2044.8,2060.8,2027.8
867,8/7/2020,2028,391017,2076.4,2082.1,2024.8
868,8/6/2020,2069.4,307517,2055,2081.8,2049
869,8/5/2020,2049.3,361949,2037,2070.3,2027.5
870,8/4/2020,2021,269790,1993.5,2037.7,1982.6
871,8/3/2020,1986.3,176729,1997.4,2009.5,1975.2
872,7/31/2020,1985.9,275460,1973.6,2005.4,1971.4
873,7/30/2020,1966.8,268606,1986.4,1987.3,1952.3
874,7/29/2020,1976.7,191033,1971.9,1998.4,1955.7
875,7/28/2020,1963.9,154485,1963.2,2000,1927.5
876,7/27/2020,1955.4,127487,1929,1971.3,1926.8
877,7/24/2020,1897.5,288088,1884.9,1904.6,1880.5
878,7/23/2020,1890,400358,1871.6,1897.7,1863.1
879,7/22/2020,1865.1,376705,1842.8,1871.8,1842.1
880,7/21/2020,1843.9,265677,1819.6,1844.9,1817.2
881,7/20/2020,1817.4,173983,1812.3,1823.4,1806.6
882,7/17/2020,1810,162684,1796.9,1813.9,1795.2
883,7/16/2020,1800.3,190841,1813.1,1816.2,1794.1
884,7/15/2020,1813.8,179267,1811.1,1819.5,1804
885,7/14/2020,1813.4,235992,1810.9,1813.6,1809.6
886,7/13/2020,1814.1,218006,1803.4,1818.8,1802.1
887,7/10/2020,1801.9,208264,1808.4,1817,1796.5
888,7/9/2020,1803.8,265280,1818.8,1825.5,1799.6
889,7/8/2020,1820.6,232708,1807.9,1829.8,1803.8
890,7/7/2020,1809.9,217229,1793.9,1810.8,1781.2
891,7/6/2020,1793.5,140564,1787,1799,1779.2
892,7/2/2020,1790,181017,1779,1791.7,1766.3
893,7/1/2020,1779.9,258541,1798.9,1807.7,1767.9
894,6/30/2020,1800.5,190351,1799.2,1801.4,1795.5
895,6/29/2020,1781.2,128441,1789.2,1790.4,1776.5
896,6/26/2020,1780.3,195963,1774.8,1786.2,1754
897,6/25/2020,1770.6,148788,1772.3,1779.6,1764.1
898,6/24/2020,1775.1,230610,1784.4,1796.1,1770.6
899,6/23/2020,1782,190018,1764.9,1786.8,1758.3
900,6/22/2020,1766.4,219460,1765.8,1779,1753.5
901,6/19/2020,1753,174981,1729.8,1760.9,1728.3
902,6/18/2020,1731.1,152628,1735.5,1749.2,1722.7
903,6/17/2020,1735.6,137879,1735.3,1739.3,1717.3
904,6/16/2020,1736.5,177702,1732.3,1741.3,1721.8
905,6/15/2020,1727.2,195205,1740.7,1743.8,1706.2
906,6/12/2020,1737.3,148176,1733.6,1753,1728.2
907,6/11/2020,1739.8,202214,1746.6,1754.9,1727.5
908,6/10/2020,1720.7,195593,1718.9,1749.4,1714.1
909,6/9/2020,1721.9,178128,1703.9,1729.4,1697.6
910,6/8/2020,1705.1,151461,1686.7,1707.6,1680.7
911,6/5/2020,1683,267086,1720.8,1723.2,1671.7
912,6/4/2020,1727.4,193873,1702.8,1729,1698.9
913,6/3/2020,1704.8,249036,1733.7,1738.9,1690.3
914,6/2/2020,1734,172030,1750.3,1757,1728
915,6/1/2020,1750.3,142807,1749.8,1761,1737.6
916,5/29/2020,1736.9,1406,1718.8,1738.3,1715.1
917,5/28/2020,1728.3,159174,1725,1743.7,1720
918,5/27/2020,1726.8,156746,1724.1,1729.1,1701.6
919,5/26/2020,1728.2,146582,1746.3,1755.6,1721.2
920,5/22/2020,1734.6,6,1726.6,1726.7,1726.6
921,5/21/2020,1721.9,225941,1751.7,1751.7,1715.3
922,5/20/2020,1750.6,16,1751.6,1752.1,1745.6
923,5/19/2020,1745.6,181673,1734.8,1751.6,1727.2
924,5/18/2020,1734.4,264848,1757.5,1775.8,1729.3
925,5/15/2020,1753.4,719,1739.7,1751.4,1739.7
926,5/14/2020,1740.9,208601,1723.1,1746.5,1716
927,5/13/2020,1716.4,204533,1705,1726.5,1701.6
928,5/12/2020,1706.8,182675,1700,1716.7,1693.5
929,5/11/2020,1698,184455,1706,1713.8,1692.1
930,5/8/2020,1709.9,330,1726.2,1728.9,1703.8
931,5/7/2020,1725.8,233381,1686,1733.2,1683.9
932,5/6/2020,1688.5,196313,1714.1,1716.6,1683
933,5/5/2020,1710.6,179577,1711,1717.8,1695.4
934,5/4/2020,1713.3,146307,1711.2,1726,1700.3
935,5/1/2020,1694.5,337,1686.6,1701.5,1670.5
936,4/30/2020,1694.2,228730,1729.6,1737,1687.5
937,4/29/2020,1703.4,373,1710,1713.5,1702
938,4/28/2020,1722.2,166606,1724.4,1731.9,1704.1
939,4/27/2020,1723.8,142721,1745,1745.8,1720
940,4/24/2020,1723.5,221,1744,1744,1714.5
941,4/23/2020,1745.4,194495,1736.5,1764.2,1730.6
942,4/22/2020,1738.3,187864,1703.1,1742.4,1695.4
943,4/21/2020,1687.8,240743,1713.3,1718,1666.2
944,4/20/2020,1711.2,183636,1693,1718.4,1685
945,4/17/2020,1689.2,223,1715.7,1725,1684.9
946,4/16/2020,1731.7,199823,1743.5,1768,1722.6
947,4/15/2020,1740.2,181342,1758.1,1759.8,1731.6
948,4/14/2020,1768.9,234439,1761.5,1788.8,1747.1
949,4/13/2020,1744.8,696,1722,1756.8,1710.7
950,4/9/2020,1736.2,825,1662.7,1732.5,1662.7
951,4/8/2020,1684.3,121346,1678.7,1695.8,1670.7
952,4/7/2020,1683.7,194263,1707.1,1742.6,1672
953,4/6/2020,1677,1063,1629.1,1696.7,1625.9
954,4/3/2020,1633.7,643,1624.5,1636,1619.8
955,4/2/2020,1637.7,162151,1602.4,1645.6,1595.2
956,4/1/2020,1591.4,159377,1589.4,1612.4,1576
957,3/31/2020,1583.4,2694,1618.7,1621,1576
958,3/30/2020,1643.2,144290,1663.4,1673.6,1632
960,3/26/2020,1660.3,134861,1642.2,1677.2,1612
961,3/25/2020,1634.3,104547,1665.5,1698,1609
962,3/24/2020,1660.2,442,1622.8,1685.5,1622.8
963,3/23/2020,1572.7,95848,1508.4,1574.8,1489.4
964,3/20/2020,1484,14,1483.5,1483.5,1483.5
965,3/19/2020,1479.3,306016,1487.2,1502.8,1460.1
966,3/18/2020,1477.9,412332,1527.6,1547,1473.3
967,3/17/2020,1524.9,122,1469.3,1537.7,1469.3
968,3/16/2020,1486.5,535860,1563.8,1574.8,1450.9
969,3/13/2020,1516.7,524471,1582.7,1597.9,1504
970,3/12/2020,1590.3,553457,1633.1,1651,1560.4
971,3/11/2020,1642.3,373462,1649.3,1671.8,1632.4
972,3/10/2020,1659.1,48,1671.6,1674.6,1643
973,3/9/2020,1675.7,467110,1692.6,1704.3,1658
974,3/6/2020,1672.4,619051,1673.1,1692.8,1642.4
975,3/5/2020,1666.4,154,1637.2,1672.9,1637.2
976,3/4/2020,1643,297251,1640.1,1654.3,1632.6
977,3/3/2020,1642.1,610,1594.5,1645.3,1594
978,3/2/2020,1592.3,537,1583.9,1608.3,1574.3
979,2/28/2020,1564.1,289,1640.3,1642.5,1564.8
980,2/27/2020,1642.5,560547,1658,1662.5,1636.7
981,2/26/2020,1643.1,515771,1640.8,1643.8,1640.3
982,2/25/2020,1650,654660,1647,1655.8,1627
983,2/24/2020,1676.6,655245,1674.2,1674.4,1652.8
984,2/21/2020,1644.6,186,1619.3,1645,1619.3
985,2/20/2020,1620.5,389144,1615,1626.5,1606.6
986,2/19/2020,1611.8,298536,1604.8,1615.9,1602.4
987,2/18/2020,1600,310,1587,1604.3,1579.8
988,2/14/2020,1582.7,68,1575.8,1582.4,1574.8
989,2/13/2020,1578.8,264293,1569.8,1581.7,1568.5
990,2/12/2020,1571.6,183410,1571.2,1573.6,1564.4
991,2/11/2020,1565.6,440,1570.9,1571.1,1561.9
992,2/10/2020,1579.5,186247,1575.8,1580.5,1571.5
993,2/7/2020,1568.6,431,1564.9,1571.9,1560.5
994,2/6/2020,1570,221612,1560,1571.9,1556
995,2/5/2020,1562.8,297418,1556.1,1566.2,1551.1
996,2/4/2020,1555.5,328192,1581.5,1584.5,1552.8
997,2/3/2020,1582.4,303458,1597.8,1598.5,1573.2
998,1/31/2020,1582.9,1095,1573.4,1589,1570
999,1/30/2020,1589.2,371286,1582.4,1590.7,1576.8
1000,1/29/2020,1576,225389,1572,1583,1567.9
1001,1/28/2020,1575.8,191039,1587.1,1588.5,1570.4
1002,1/27/2020,1583.7,134423,1586.1,1594.7,1581.6
1003,1/24/2020,1571.1,38,1556.3,1570.3,1556.3
1004,1/23/2020,1571.6,65319,1564.7,1573.7,1557.5
1005,1/22/2020,1556.7,276521,1557,1558.9,1555.2
1006,1/21/2020,1556.4,45,1564.2,1566.2,1551
1007,1/17/2020,1558.8,108,1554.1,1558,1553.6
1008,1/16/2020,1550.5,253076,1556.6,1558.2,1548
1009,1/15/2020,1554,297777,1546.8,1558.8,1546.5
1010,1/14/2020,1544.6,323782,1548.6,1549.5,1536.4
1011,1/13/2020,1550.6,296619,1563,1563.1,1547
1012,1/10/2020,1557.5,16,1551.2,1558.8,1545.4
1013,1/9/2020,1554.3,354523,1557.7,1562.4,1541
1014,1/8/2020,1560.2,787217,1556.7,1563.8,1556.5
1015,1/7/2020,1574.3,418145,1567.4,1579.2,1557
1016,1/6/2020,1568.8,539023,1562.7,1590.9,1562.3
1017,1/3/2020,1549.2,107,1530.1,1552.7,1530.1
1018,1/2/2020,1528.1,257867,1521,1534,1519.7
,,,,,,
,,,,,,
,,,,,,
,,,,,,
,,,,,,
,,,,,,
,,,,,,
,,,,,,
,,,,,,
,,,,,,
,,,,,,
,,,,,,
,,,,,,
,,,,,,
,,,,,,
,,,,,,
,,,,,,
,,,,,,
,,,,,,
,,,,,,
,,,,,,
,,,,,,
,,,,,,
,,,,,,
,,,,,,
,,,,,,
,,,,,,
,,,,,,
,,,,,,
,,,,,,
,,,,,,
,,,,,,
,,,,,,
,,,,,,
,,,,,,
,,,,,,
,,,,,,
,,,,,,
,,,,,,
,,,,,,
,,,,,,
,,,,,,
,,,,,,
,,,,,,
,,,,,,
,,,,,,
,,,,,,
,,,,,,
,,,,,,
,,,,,,
,,,,,,
,,,,,,
,,,,,,
,,,,,,
,,,,,,
,,,,,,
,,,,,,
,,,,,,
,,,,,,
,,,,,,
,,,,,,
,,,,,,
,,,,,,
,,,,,,
,,,,,,
,,,,,,
,,,,,,
,,,,,,
,,,,,,
,,,,,,
,,,,,,
,,,,,,
,,,,,,
,,,,,,
,,,,,,
,,,,,,
,,,,,,
,,,,,,
,,,,,,
,,,,,,
,,,,,,
,,,,,,
,,,,,,
,,,,,,
,,,,,,
,,,,,,
,,,,,,
,,,,,,
,,,,,,
,,,,,,
,,,,,,
,,,,,,
,,,,,,
,,,,,,
,,,,,,
,,,,,,
,,,,,,
,,,,,,
,,,,,,
,,,,,,
,,,,,,
,,,,,,
,,,,,,
,,,,,,
,,,,,,
,,,,,,
,,,,,,
,,,,,,
,,,,,,
,,,,,,
,,,,,,
,,,,,,
,,,,,,
,,,,,,
,,,,,,
,,,,,,
,,,,,,
,,,,,,
,,,,,,
,,,,,,
,,,,,,
,,,,,,
,,,,,,
,,,,,,
,,,,,,
,,,,,,
,,,,,,
,,,,,,
,,,,,,
,,,,,,
,,,,,,
,,,,,,
,,,,,,
,,,,,,
,,,,,,
,,,,,,
,,,,,,
,,,,,,
,,,,,,
,,,,,,
,,,,,,
,,,,,,
,,,,,,
,,,,,,
,,,,,,
,,,,,,
,,,,,,
,,,,,,
,,,,,,
,,,,,,
,,,,,,
,,,,,,
,,,,,,
,,,,,,
,,,,,,
,,,,,,
,,,,,,
,,,,,,
,,,,,,
,,,,,,
,,,,,,
,,,,,,
,,,,,,
,,,,,,
,,,,,,
,,,,,,
,,,,,,
,,,,,,
,,,,,,
,,,,,,
,,,,,,
,,,,,,
,,,,,,
,,,,,,
,,,,,,
,,,,,,
,,,,,,
,,,,,,
,,,,,,
,,,,,,
,,,,,,
,,,,,,
,,,,,,
,,,,,,
,,,,,,
,,,,,,
,,,,,,
,,,,,,
,,,,,,
,,,,,,
,,,,,,
,,,,,,
,,,,,,
,,,,,,
,,,,,,
,,,,,,
,,,,,,
,,,,,,
,,,,,,
,,,,,,
,,,,,,
,,,,,,
,,,,,,
,,,,,,
,,,,,,
,,,,,,
,,,,,,
,,,,,,
,,,,,,
,,,,,,
,,,,,,
,,,,,,
,,,,,,
,,,,,,
,,,,,,
,,,,,,
,,,,,,
,,,,,,
,,,,,,
,,,,,,
,,,,,,
,,,,,,
,,,,,,
,,,,,,
,,,,,,
,,,,,,
,,,,,,
,,,,,,
,,,,,,
,,,,,,
,,,,,,
,,,,,,
,,,,,,
,,,,,,
,,,,,,
,,,,,,
,,,,,,
,,,,,,
,,,,,,
,,,,,,
,,,,,,
,,,,,,
,,,,,,
,,,,,,
,,,,,,
,,,,,,
,,,,,,
,,,,,,
,,,,,,
,,,,,,
,,,,,,
,,,,,,
,,,,,,
,,,,,,
,,,,,,
,,,,,,
,,,,,,
,,,,,,
,,,,,,
,,,,,,
,,,,,,
,,,,,,
,,,,,,
,,,,,,
,,,,,,
,,,,,,
,,,,,,
,,,,,,
,,,,,,
,,,,,,
,,,,,,
,,,,,,
,,,,,,
,,,,,,
,,,,,,
,,,,,,
,,,,,,
,,,,,,
,,,,,,
,,,,,,
,,,,,,
,,,,,,
,,,,,,
,,,,,,
,,,,,,
,,,,,,
,,,,,,
,,,,,,
,,,,,,
,,,,,,
,,,,,,
,,,,,,
,,,,,,
,,,,,,
,,,,,,
,,,,,,
,,,,,,
,,,,,,
,,,,,,
,,,,,,
,,,,,,
,,,,,,
,,,,,,
,,,,,,
,,,,,,
,,,,,,
,,,,,,
,,,,,,
,,,,,,
,,,,,,
,,,,,,
,,,,,,
,,,,,,
,,,,,,
,,,,,,
,,,,,,
,,,,,,
,,,,,,
,,,,,,
,,,,,,
,,,,,,
,,,,,,
,,,,,,
,,,,,,
,,,,,,
,,,,,,
,,,,,,
,,,,,,
,,,,,,
,,,,,,
,,,,,,
,,,,,,
,,,,,,
,,,,,,
,,,,,,
,,,,,,
,,,,,,
,,,,,,
,,,,,,
,,,,,,
,,,,,,
,,,,,,
,,,,,,
,,,,,,
,,,,,,
,,,,,,
,,,,,,
,,,,,,
,,,,,,
,,,,,,
,,,,,,
,,,,,,
,,,,,,
,,,,,,
,,,,,,
,,,,,,
,,,,,,
,,,,,,
,,,,,,
,,,,,,
,,,,,,
,,,,,,
,,,,,,
,,,,,,
,,,,,,
,,,,,,
,,,,,,
,,,,,,
,,,,,,
,,,,,,
,,,,,,
,,,,,,
,,,,,,
,,,,,,
,,,,,,
,,,,,,
,,,,,,
,,,,,,
,,,,,,
,,,,,,
,,,,,,
,,,,,,
,,,,,,
,,,,,,
,,,,,,
,,,,,,
,,,,,,
,,,,,,
,,,,,,
,,,,,,
,,,,,,
,,,,,,
,,,,,,
,,,,,,
,,,,,,
,,,,,,
,,,,,,
,,,,,,
,,,,,,
,,,,,,
,,,,,,
,,,,,,
,,,,,,
,,,,,,
,,,,,,
,,,,,,
,,,,,,
,,,,,,
,,,,,,
,,,,,,
,,,,,,
,,,,,,
,,,,,,
,,,,,,
,,,,,,
,,,,,,
,,,,,,
,,,,,,
,,,,,,
,,,,,,
,,,,,,
,,,,,,
,,,,,,
,,,,,,
,,,,,,
,,,,,,
,,,,,,
,,,,,,
,,,,,,
,,,,,,
,,,,,,
,,,,,,
,,,,,,
,,,,,,
,,,,,,
,,,,,,
,,,,,,
,,,,,,
,,,,,,
,,,,,,
,,,,,,
,,,,,,
,,,,,,
,,,,,,
,,,,,,
,,,,,,
,,,,,,
,,,,,,
,,,,,,
,,,,,,
,,,,,,
,,,,,,
,,,,,,
,,,,,,
,,,,,,
,,,,,,
,,,,,,
,,,,,,
,,,,,,
,,,,,,
,,,,,,
,,,,,,
,,,,,,
,,,,,,
,,,,,,
,,,,,,
,,,,,,
,,,,,,
,,,,,,
,,,,,,
,,,,,,
,,,,,,
,,,,,,
,,,,,,
,,,,,,
,,,,,,
,,,,,,
,,,,,,
,,,,,,
,,,,,,
,,,,,,
,,,,,,
,,,,,,
,,,,,,
,,,,,,
,,,,,,
,,,,,,
,,,,,,
,,,,,,
,,,,,,
,,,,,,
,,,,,,
,,,,,,
,,,,,,
,,,,,,
,,,,,,
,,,,,,
,,,,,,
,,,,,,
,,,,,,
,,,,,,
,,,,,,
,,,,,,
,,,,,,
,,,,,,
,,,,,,
,,,,,,
,,,,,,
,,,,,,
,,,,,,
,,,,,,
,,,,,,
,,,,,,
,,,,,,
,,,,,,
,,,,,,
,,,,,,
,,,,,,
,,,,,,
,,,,,,
,,,,,,
,,,,,,
,,,,,,
,,,,,,
,,,,,,
,,,,,,
,,,,,,
,,,,,,
,,,,,,
,,,,,,
,,,,,,
,,,,,,
,,,,,,
,,,,,,
,,,,,,
,,,,,,
,,,,,,
,,,,,,
,,,,,,
,,,,,,
,,,,,,
,,,,,,
,,,,,,
,,,,,,
,,,,,,
,,,,,,
,,,,,,
,,,,,,
,,,,,,
,,,,,,
,,,,,,
,,,,,,
,,,,,,
,,,,,,
,,,,,,
,,,,,,
,,,,,,
,,,,,,
,,,,,,
,,,,,,
,,,,,,
,,,,,,
,,,,,,
,,,,,,
,,,,,,
,,,,,,
,,,,,,
,,,,,,
,,,,,,
,,,,,,
,,,,,,
,,,,,,
,,,,,,
,,,,,,
,,,,,,
,,,,,,
,,,,,,
,,,,,,
,,,,,,
,,,,,,
,,,,,,
,,,,,,
,,,,,,
,,,,,,
,,,,,,
,,,,,,
,,,,,,
,,,,,,
,,,,,,
,,,,,,
,,,,,,
,,,,,,
,,,,,,
,,,,,,
,,,,,,
,,,,,,
,,,,,,
,,,,,,
,,,,,,
,,,,,,
,,,,,,
,,,,,,
,,,,,,
,,,,,,
,,,,,,
,,,,,,
,,,,,,
,,,,,,
,,,,,,
,,,,,,
,,,,,,
,,,,,,
,,,,,,
,,,,,,
,,,,,,
,,,,,,
,,,,,,
,,,,,,
,,,,,,
,,,,,,
,,,,,,
,,,,,,
,,,,,,
,,,,,,
,,,,,,
,,,,,,
,,,,,,
,,,,,,
,,,,,,
,,,,,,
,,,,,,
,,,,,,
,,,,,,
,,,,,,
,,,,,,
,,,,,,
,,,,,,
,,,,,,
,,,,,,
,,,,,,
,,,,,,
,,,,,,
,,,,,,
,,,,,,
,,,,,,
,,,,,,
,,,,,,
,,,,,,
,,,,,,
,,,,,,
,,,,,,
,,,,,,
,,,,,,
,,,,,,
,,,,,,
,,,,,,
,,,,,,
,,,,,,
,,,,,,
,,,,,,
,,,,,,
,,,,,,
,,,,,,
,,,,,,
,,,,,,
,,,,,,
,,,,,,
,,,,,,
,,,,,,
,,,,,,
,,,,,,
,,,,,,
,,,,,,
,,,,,,
,,,,,,
,,,,,,
,,,,,,
,,,,,,
,,,,,,
,,,,,,
,,,,,,
,,,,,,
,,,,,,
,,,,,,
,,,,,,
,,,,,,
,,,,,,
,,,,,,
,,,,,,
,,,,,,
,,,,,,
,,,,,,
,,,,,,
,,,,,,
,,,,,,
,,,,,,
,,,,,,
,,,,,,
,,,,,,
,,,,,,
,,,,,,
,,,,,,
,,,,,,
,,,,,,
,,,,,,
,,,,,,
,,,,,,
,,,,,,
,,,,,,
,,,,,,
,,,,,,
,,,,,,
,,,,,,
,,,,,,
,,,,,,
,,,,,,
,,,,,,
,,,,,,
,,,,,,
,,,,,,
,,,,,,
,,,,,,
,,,,,,
,,,,,,
,,,,,,
,,,,,,
,,,,,,
,,,,,,
,,,,,,
,,,,,,
,,,,,,
,,,,,,
,,,,,,
,,,,,,
,,,,,,
,,,,,,
,,,,,,
,,,,,,
,,,,,,
,,,,,,
,,,,,,
,,,,,,
,,,,,,
,,,,,,
,,,,,,
,,,,,,
,,,,,,
,,,,,,
,,,,,,
,,,,,,
,,,,,,
,,,,,,
,,,,,,
,,,,,,
,,,,,,
,,,,,,
,,,,,,
,,,,,,
,,,,,,
,,,,,,
,,,,,,
,,,,,,
,,,,,,
,,,,,,
,,,,,,
,,,,,,
,,,,,,
,,,,,,
,,,,,,
,,,,,,
,,,,,,
,,,,,,
,,,,,,
,,,,,,
,,,,,,
,,,,,,
,,,,,,
,,,,,,
,,,,,,
,,,,,,
,,,,,,
,,,,,,
,,,,,,
,,,,,,
,,,,,,
,,,,,,
,,,,,,
,,,,,,
,,,,,,
,,,,,,
,,,,,,
,,,,,,
,,,,,,
,,,,,,
,,,,,,
,,,,,,
,,,,,,
,,,,,,
,,,,,,
,,,,,,
,,,,,,
,,,,,,
,,,,,,
,,,,,,
,,,,,,
,,,,,,
,,,,,,
,,,,,,
,,,,,,
,,,,,,
,,,,,,
,,,,,,
,,,,,,
,,,,,,
,,,,,,
,,,,,,
,,,,,,
,,,,,,
,,,,,,
,,,,,,
,,,,,,
,,,,,,
,,,,,,
,,,,,,
,,,,,,
,,,,,,
,,,,,,
,,,,,,
,,,,,,
,,,,,,
,,,,,,
,,,,,,
,,,,,,
,,,,,,
,,,,,,
,,,,,,
,,,,,,
,,,,,,
,,,,,,
,,,,,,
,,,,,,
,,,,,,
,,,,,,
,,,,,,
,,,,,,
,,,,,,
,,,,,,
,,,,,,
,,,,,,
,,,,,,
,,,,,,
,,,,,,
,,,,,,
,,,,,,
,,,,,,
,,,,,,
,,,,,,
,,,,,,
,,,,,,
,,,,,,
,,,,,,
,,,,,,
,,,,,,
,,,,,,
,,,,,,
,,,,,,
,,,,,,
,,,,,,
,,,,,,
,,,,,,
,,,,,,
,,,,,,
,,,,,,
,,,,,,
,,,,,,
,,,,,,
,,,,,,
,,,,,,
,,,,,,
,,,,,,
,,,,,,
,,,,,,
,,,,,,
,,,,,,
,,,,,,
,,,,,,
,,,,,,
,,,,,,
,,,,,,
,,,,,,
,,,,,,
,,,,,,
,,,,,,
,,,,,,
,,,,,,
,,,,,,
,,,,,,
,,,,,,
,,,,,,
,,,,,,
,,,,,,
,,,,,,
,,,,,,
,,,,,,
,,,,,,
,,,,,,
,,,,,,
,,,,,,
,,,,,,
,,,,,,
,,,,,,
,,,,,,
,,,,,,
,,,,,,
,,,,,,
,,,,,,
,,,,,,
,,,,,,
,,,,,,
,,,,,,
,,,,,,
,,,,,,
,,,,,,
,,,,,,
,,,,,,
,,,,,,
,,,,,,
,,,,,,
,,,,,,
,,,,,,
,,,,,,
,,,,,,
,,,,,,
,,,,,,
,,,,,,
,,,,,,
,,,,,,
,,,,,,
,,,,,,
,,,,,,
,,,,,,
,,,,,,
,,,,,,
,,,,,,
,,,,,,
,,,,,,
,,,,,,
,,,,,,
,,,,,,
,,,,,,
,,,,,,
,,,,,,
,,,,,,
,,,,,,
,,,,,,
,,,,,,
,,,,,,
,,,,,,
,,,,,,
,,,,,,
,,,,,,
,,,,,,
,,,,,,
,,,,,,
,,,,,,
,,,,,,
,,,,,,
,,,,,,
,,,,,,
,,,,,,
,,,,,,
,,,,,,
,,,,,,
,,,,,,
,,,,,,
,,,,,,
,,,,,,
,,,,,,
,,,,,,
,,,,,,
,,,,,,
,,,,,,
,,,,,,
,,,,,,
,,,,,,
,,,,,,
,,,,,,
,,,,,,
,,,,,,
,,,,,,
,,,,,,
,,,,,,
,,,,,,
,,,,,,
,,,,,,
,,,,,,
,,,,,,
,,,,,,
,,,,,,
,,,,,,
,,,,,,
,,,,,,
,,,,,,
,,,,,,
,,,,,,
,,,,,,
,,,,,,
,,,,,,
,,,,,,
,,,,,,
,,,,,,
,,,,,,
,,,,,,
,,,,,,
,,,,,,
,,,,,,
,,,,,,
,,,,,,
,,,,,,
,,,,,,
,,,,,,
,,,,,,
,,,,,,
,,,,,,
,,,,,,
,,,,,,
,,,,,,
,,,,,,
,,,,,,
,,,,,,
,,,,,,
,,,,,,
,,,,,,
,,,,,,
,,,,,,
,,,,,,
,,,,,,
,,,,,,
,,,,,,
,,,,,,
,,,,,,
,,,,,,
,,,,,,
,,,,,,
,,,,,,
,,,,,,
,,,,,,
,,,,,,
,,,,,,
,,,,,,
,,,,,,
,,,,,,
,,,,,,
,,,,,,
,,,,,,
,,,,,,
,,,,,,
,,,,,,
,,,,,,
,,,,,,
,,,,,,
,,,,,,
,,,,,,
,,,,,,
,,,,,,
,,,,,,
,,,,,,
,,,,,,
,,,,,,
,,,,,,
,,,,,,
,,,,,,
,,,,,,
,,,,,,
,,,,,,
,,,,,,
,,,,,,
,,,,,,
,,,,,,
,,,,,,
,,,,,,
,,,,,,
,,,,,,
,,,,,,
,,,,,,
,,,,,,
,,,,,,
,,,,,,
,,,,,,
,,,,,,
,,,,,,
,,,,,,
,,,,,,
,,,,,,
,,,,,,
,,,,,,
,,,,,,
,,,,,,
,,,,,,
,,,,,,
,,,,,,
,,,,,,
,,,,,,
,,,,,,
,,,,,,
,,,,,,
,,,,,,
,,,,,,
,,,,,,
,,,,,,
,,,,,,
,,,,,,
,,,,,,
,,,,,,
,,,,,,
,,,,,,
,,,,,,
,,,,,,
,,,,,,
,,,,,,
,,,,,,
,,,,,,
,,,,,,
,,,,,,
,,,,,,
,,,,,,
,,,,,,
,,,,,,
,,,,,,
,,,,,,
,,,,,,
,,,,,,
,,,,,,
,,,,,,
,,,,,,
,,,,,,
,,,,,,
,,,,,,
,,,,,,
,,,,,,
,,,,,,
,,,,,,
,,,,,,
,,,,,,
,,,,,,
,,,,,,
,,,,,,
,,,,,,
,,,,,,
,,,,,,
,,,,,,
,,,,,,
,,,,,,
,,,,,,
,,,,,,
,,,,,,
,,,,,,
,,,,,,
,,,,,,
,,,,,,
,,,,,,
,,,,,,
,,,,,,
,,,,,,
,,,,,,
,,,,,,
,,,,,,
,,,,,,
,,,,,,
,,,,,,
,,,,,,
,,,,,,
,,,,,,
,,,,,,
,,,,,,
,,,,,,
,,,,,,
,,,,,,
,,,,,,
,,,,,,
,,,,,,
,,,,,,
,,,,,,
,,,,,,
,,,,,,
,,,,,,
,,,,,,
,,,,,,
,,,,,,
,,,,,,
,,,,,,
,,,,,,
,,,,,,
,,,,,,
,,,,,,
,,,,,,
,,,,,,
,,,,,,
,,,,,,
,,,,,,
,,,,,,
,,,,,,
,,,,,,
,,,,,,
,,,,,,
,,,,,,
,,,,,,
,,,,,,
,,,,,,
,,,,,,
,,,,,,
,,,,,,
,,,,,,
,,,,,,
,,,,,,
,,,,,,
,,,,,,
,,,,,,
,,,,,,
,,,,,,
,,,,,,
,,,,,,
,,,,,,
,,,,,,
,,,,,,
,,,,,,
,,,,,,
,,,,,,
,,,,,,
,,,,,,
,,,,,,
,,,,,,
,,,,,,
,,,,,,
,,,,,,
,,,,,,
,,,,,,
,,,,,,
,,,,,,
,,,,,,
,,,,,,
,,,,,,
,,,,,,
,,,,,,
,,,,,,
,,,,,,
,,,,,,
,,,,,,
,,,,,,
,,,,,,
,,,,,,
,,,,,,
,,,,,,
,,,,,,
,,,,,,
,,,,,,
,,,,,,
,,,,,,
,,,,,,
,,,,,,
,,,,,,
,,,,,,
,,,,,,
,,,,,,
,,,,,,
,,,,,,
,,,,,,
,,,,,,
,,,,,,
,,,,,,
,,,,,,
,,,,,,
,,,,,,
,,,,,,
,,,,,,
,,,,,,
,,,,,,
,,,,,,
,,,,,,
,,,,,,
,,,,,,
,,,,,,
,,,,,,
,,,,,,
,,,,,,
,,,,,,
,,,,,,
,,,,,,
,,,,,,
,,,,,,
,,,,,,
,,,,,,
,,,,,,
,,,,,,
,,,,,,
,,,,,,
,,,,,,
,,,,,,
,,,,,,
,,,,,,
,,,,,,
,,,,,,
,,,,,,
,,,,,,
,,,,,,
,,,,,,
,,,,,,
,,,,,,
,,,,,,
,,,,,,
,,,,,,
,,,,,,
,,,,,,
,,,,,,
,,,,,,
,,,,,,
,,,,,,
,,,,,,
,,,,,,
,,,,,,
,,,,,,
,,,,,,
,,,,,,
,,,,,,
,,,,,,
,,,,,,
,,,,,,
,,,,,,
,,,,,,
,,,,,,
,,,,,,
,,,,,,
,,,,,,
,,,,,,
,,,,,,
,,,,,,
,,,,,,
,,,,,,
,,,,,,
,,,,,,
,,,,,,
,,,,,,
,,,,,,
,,,,,,
,,,,,,
,,,,,,
,,,,,,
,,,,,,
,,,,,,
,,,,,,
,,,,,,
,,,,,,
,,,,,,
,,,,,,
,,,,,,
,,,,,,
,,,,,,
,,,,,,
,,,,,,
,,,,,,
,,,,,,
,,,,,,
,,,,,,
,,,,,,
,,,,,,
,,,,,,
,,,,,,
,,,,,,
,,,,,,
,,,,,,
,,,,,,
,,,,,,
,,,,,,
,,,,,,
,,,,,,
,,,,,,
,,,,,,
,,,,,,
,,,,,,
,,,,,,
,,,,,,
,,,,,,
,,,,,,
,,,,,,
,,,,,,
,,,,,,
,,,,,,
,,,,,,
,,,,,,
,,,,,,
,,,,,,
,,,,,,
,,,,,,
,,,,,,
,,,,,,
,,,,,,
,,,,,,
,,,,,,
,,,,,,
,,,,,,
,,,,,,
,,,,,,
,,,,,,
,,,,,,
,,,,,,
,,,,,,
,,,,,,
,,,,,,
,,,,,,
,,,,,,
,,,,,,
,,,,,,
,,,,,,
,,,,,,
,,,,,,
,,,,,,
,,,,,,
,,,,,,
,,,,,,
,,,,,,
,,,,,,
,,,,,,
,,,,,,
,,,,,,
,,,,,,
,,,,,,
,,,,,,
,,,,,,
,,,,,,
,,,,,,
,,,,,,
,,,,,,
,,,,,,
,,,,,,
,,,,,,
,,,,,,
,,,,,,
,,,,,,
,,,,,,
,,,,,,
,,,,,,
,,,,,,
,,,,,,
,,,,,,
,,,,,,
,,,,,,
,,,,,,
,,,,,,
,,,,,,
,,,,,,
,,,,,,
,,,,,,
,,,,,,
,,,,,,
,,,,,,
,,,,,,
,,,,,,
,,,,,,
,,,,,,
,,,,,,
,,,,,,
,,,,,,
,,,,,,
,,,,,,
,,,,,,
,,,,,,
,,,,,,
,,,,,,
,,,,,,
,,,,,,
,,,,,,
,,,,,,
,,,,,,
,,,,,,
,,,,,,
,,,,,,
,,,,,,
,,,,,,
,,,,,,
,,,,,,
,,,,,,
,,,,,,
,,,,,,
,,,,,,
,,,,,,
,,,,,,
,,,,,,
,,,,,,
,,,,,,
,,,,,,
,,,,,,
,,,,,,
,,,,,,
,,,,,,
,,,,,,
,,,,,,
